rank,issue_id,complaint_count,severity_sum,mean_severity,priority_score
1,ISS-BILLING-PREMIUM_ONLY_CONTROLS,58940,174087,2.953631,174087
2,ISS-OTHER-GENERAL,73774,147625,2.001044,147625
3,ISS-USABILITY-ADS,37406,85318,2.280864,85318
4,ISS-PLAYBACK-STOPS_SKIPS,13827,44042,3.185217,44042
5,ISS-USABILITY-LAYOUT_REDESIGN,18938,40105,2.117700,40105
6,ISS-PLAYBACK-CRASHES_FREEZES,9817,32587,3.319446,32587
7,ISS-ACCESS-LOGIN,8029,31314,3.900112,31314
8,ISS-USABILITY-LIBRARY_QUEUE,8856,26401,2.981143,26401
9,ISS-USABILITY-CONTROLS_NAVIGATION,8026,21931,2.732494,21931
10,ISS-PLAYBACK-DEVICES,5877,17780,3.025353,17780
11,ISS-CATALOG-MISSING_CONTENT,6027,17287,2.868259,17287
12,ISS-CATALOG-RECOMMENDATIONS,5606,14982,2.672494,14982
13,ISS-CATALOG-LYRICS,4681,13665,2.919248,13665
14,ISS-PLAYBACK-CONNECTION,3688,13129,3.559924,13129
15,ISS-ACCESS-APP_WONT_OPEN,3195,12194,3.816588,12194
16,ISS-DOWNLOADS-FAIL_DISAPPEAR,2947,9061,3.074652,9061
17,ISS-DOWNLOADS-OFFLINE_MODE,2550,8314,3.260392,8314
18,ISS-BILLING-SUBSCRIPTION_MANAGEMENT,2713,8199,3.022116,8199
19,ISS-BILLING-PRICE,3770,7876,2.089125,7876
20,ISS-BILLING-CHARGES_REFUNDS,1815,6771,3.730579,6771
21,ISS-BILLING-OTHER,3067,6320,2.060646,6320
22,ISS-PLAYBACK-OTHER,1817,6222,3.424326,6222
23,ISS-CATALOG-SEARCH_DISCOVERY,1935,5585,2.886305,5585
24,ISS-PLAYBACK-AUDIO_QUALITY,2063,5526,2.678623,5526
25,ISS-USABILITY-OTHER,2004,4443,2.217066,4443
26,ISS-PLAYBACK-RESOURCE_USE,1374,4021,2.926492,4021
27,ISS-ACCESS-SIGNUP_EMAIL,692,2402,3.471098,2402
28,ISS-CATALOG-OTHER,947,2343,2.474129,2343
29,ISS-ACCESS-ACCOUNT_COMPROMISED,471,1875,3.980892,1875
30,ISS-SUPPORT-UNHELPFUL,475,1388,2.922105,1388
31,ISS-DOWNLOADS-OTHER,496,1363,2.747984,1363
32,ISS-ACCESS-OTHER,362,1158,3.198895,1158
33,ISS-SUPPORT-OTHER,76,178,2.342105,178
