review_id,adjudicator_code,adjudicator_intent,adjudicator_reason,adjudicator_severity,code_agree,consensus_intent,consensus_topic,disagree,enricher_code,enricher_intent,enricher_matches_consensus_intent,enricher_matches_consensus_topic,enricher_severity,enricher_topic,intent_agree,sentiment_abs_diff,severity_abs_diff,text,topic_agree,verifier_code,verifier_intent,verifier_severity,verifier_status,verifier_topic
d146397f-4a94-4980-be00-ae9212eca3a7,,,,,True,,,False,billing.premium_only_controls,complaint,,,3,billing,True,0.1,1,"This was fine till the last update, now you can't even pick a certain song without Spotify premium, and now you can only skip 6 songs, like please just let the songs fit my mood!",True,billing.premium_only_controls,complaint,4,completed,billing
4aee0d75-6901-426e-b0f7-11d042ccc73e,,,,,True,,,False,other.general,praise,,,1,other,True,0.1,0,Good,True,other.general,praise,1,completed,other
45c561b9-cc47-4d80-95d3-f0d20bc84af3,other.general,cancellation,"The review only states the update made the app 'useless' and says 'Uninstall', with no specific defect named, matching the generic 'bad app' rule for other.general at severity 2.",2,False,cancellation,other,True,other.general,cancellation,True,True,2,other,True,0.1,2,The update made the app useless .... Uninstall krdia ye app ab bekar hai ... Wynk hi theek h,False,usability.other,cancellation,4,completed,usability
884e8712-da13-4890-a39e-731b69f42d6c,,,,,True,,,False,other.general,praise,,,1,other,True,0.0,0,There's no words for how awesome this music app is.,True,other.general,praise,1,completed,other
618d1dbb-0186-4537-923a-7b4dabf19afb,,,,,True,,,False,catalog.recommendations,cancellation,,,3,catalog,True,0.0,0,Please stop with the recommendations! I use the premium family sub and I want to listen to my playlist without your recommendation adds. I am not interested in new music based on my preferences. If I wanted these songs I'd use a random playlist not not make my own! I'll start using Amazon music or a,True,catalog.recommendations,cancellation,3,completed,catalog
9c9757da-6b99-4c95-a0e7-0661ee858027,,,,,True,,,False,playback.audio_quality,complaint,,,3,playback,True,0.0,0,There is some bugs like music adjustment doesn't work Perporly plz do something about this bug,True,playback.audio_quality,complaint,3,completed,playback
42f0c9d1-088c-437b-bfc8-c1c36114a8f0,,,,,True,,,False,other.general,praise,,,1,other,True,0.2,0,Fantastic experience,True,other.general,praise,1,completed,other
ba274609-2cbc-4d6a-9624-276d1c8246e8,,,,,True,,,False,other.general,praise,,,1,other,True,0.1,0,I can't use anything else but Spotify 💯👍🏼,True,other.general,praise,1,completed,other
94c9f2f9-36fa-4c11-936e-660514fe7a35,,,,,True,,,False,usability.layout_redesign,complaint,,,2,usability,True,0.1,1,"Spotify is great, but the new homescreen update is horrible. You're not tiktok or Instagram. I don't want to scroll through 1 playlist or album or artist at a time.",True,usability.layout_redesign,complaint,3,completed,usability
dc73ecd9-3293-4ede-90d5-dd6cd1e8d087,,,,,True,,,False,other.general,praise,,,1,other,True,0.1,0,Great,True,other.general,praise,1,completed,other
8cb9d355-e14c-4f55-b026-c6abd7bbce0d,,,,,True,,,False,other.general,praise,,,1,other,True,0.1,0,Very kool,True,other.general,praise,1,completed,other
9e3a706c-f502-4664-a23f-33f3480eca64,,,,,True,,,False,other.general,unclear,,,1,other,True,0.3,0,Useless aap boycott sweden,True,other.general,unclear,1,completed,other
9e5f9745-f8be-48d3-b9de-4d118507d94a,billing.premium_only_controls,cancellation,"The complaint about not being able to rewind a few seconds, paired with 'YOU PEOPLE NEED MORE MONEY?!', points to a premium-only control restriction rather than an unprompted playback failure, and the core app still functions, so severity is 3.",3,False,cancellation,billing,True,billing.premium_only_controls,cancellation,True,True,3,billing,True,0.05,1,Doesn't deserve even one star. Like what's the problem? We can't even go back few second to play music? WHAT IN THE WORLD IS THIS UPDATE? YOU PEOPLE NEED MORE MONEY?! gonna delete the app if they don't fix this,False,playback.stops_skips,cancellation,4,completed,playback
32fb340f-4f9f-4551-8dae-755221e58d6a,,,,,True,,,False,access.login,complaint,,,4,access,True,0.0,0,It not letting me into my account and there are to many ads,True,access.login,complaint,4,completed,access
f44b3617-a645-4375-ae2d-44b742a1a306,,,,,True,,,False,other.general,praise,,,1,other,True,0.0,0,Excellent!,True,other.general,praise,1,completed,other
1d9f396e-7a8a-414b-a622-3ad6f9570abe,,,,,True,,,False,other.general,praise,,,1,other,True,0.0,0,Exactly good,True,other.general,praise,1,completed,other
0658feaa-5bec-416e-b6b0-3de2a4c14580,,,,,True,,,False,catalog.missing_content,complaint,,,3,catalog,True,0.1,0,Nice app! But many songs are not present here!,True,catalog.missing_content,complaint,3,completed,catalog
ca16e65d-d2ff-4453-a495-b8c422809330,other.general,complaint,"The review only says 'Recent update 👎' with no specific feature or defect named, so it is generic criticism rather than a layout-specific complaint.",2,False,complaint,other,True,usability.layout_redesign,complaint,True,False,2,usability,True,0.2,0,Recent update 👎,False,other.general,complaint,2,completed,other
55cc3abf-c295-4591-8c3a-78085cfdefaa,access.app_wont_open,complaint,"The review explicitly states 'I cant open the app' after an update, indicating the app fails to start, matching access.app_wont_open.",4,False,complaint,access,True,access.app_wont_open,complaint,True,True,4,access,True,0.0,0,The latest update has caused my app to crash I cant open the app please fix.,False,playback.crashes_freezes,complaint,4,completed,playback
e25cf0b6-0285-4cc9-9a4a-5a8a05be929e,,,,,True,,,False,catalog.recommendations,praise,,,1,catalog,True,0.0,0,Awesome music app can def see y everyone loves it so much best part to me personally is the categories suggested for you personally,True,catalog.recommendations,praise,1,completed,catalog
