review_id,code_agree,disagree,enricher_code,enricher_intent,enricher_severity,enricher_topic,intent_agree,sentiment_abs_diff,severity_abs_diff,text,topic_agree,verifier_code,verifier_intent,verifier_severity,verifier_status,verifier_topic
d2f3874f-d15d-4a2f-bb97-4f1213defa46,False,True,billing.price,complaint,3,billing,True,0.0,0,Too expensive and the free version is pretty much unusable with constant ads... Every two or three songs.. Forget it,False,usability.ads,complaint,3,completed,usability
9034d675-9582-49b6-a1c1-c4ddabf8baf1,True,False,usability.ads,complaint,2,usability,True,0.0,0,Worst app ever too much ad,True,usability.ads,complaint,2,completed,usability
f4c8146a-d5c8-4168-b00e-21af666afc6a,True,True,other.general,praise,1,other,False,0.1,0,"Unconditional love, Stoli Canales",True,other.general,unclear,1,completed,other
fc344263-308d-48a1-9715-c380d063b6de,True,False,other.general,praise,1,other,True,0.1,0,Great...,True,other.general,praise,1,completed,other
657f1b77-0183-4b06-bf48-5e6d9ab08f9a,True,False,other.general,complaint,2,other,True,0.1,0,Hate This application 👎,True,other.general,complaint,2,completed,other
dceb14e7-2df0-422f-bb2b-73d7c373159a,True,False,billing.premium_only_controls,complaint,3,billing,True,0.05,0,I gave one star because I can't give any less than that. the new update is sooooooo annoying like I can't even play the songs that I like and I can't rewind songs what the heck,True,billing.premium_only_controls,complaint,3,completed,billing
82780cbe-6435-4efb-84f6-8e5fa47ffc3a,True,False,other.general,praise,1,other,True,0.05,0,Awesomeness 👌 👏 👍 😍 💖,True,other.general,praise,1,completed,other
283b5843-a992-464f-b1dc-9dc7281ff390,True,False,other.general,unclear,1,other,True,0.3,0,"Beth, we all got to give me a free dollar to go with 3 months, bro I can't be like",True,other.general,unclear,1,completed,other
0d4f8b48-74c1-4e2a-89b5-11eaa737027e,True,False,other.general,praise,1,other,True,0.0,0,It's really an amazing experience with Spotify...I love it🥰,True,other.general,praise,1,completed,other
ac6cd66d-a9d2-42a4-afb8-2f84beff7fd1,True,True,other.general,praise,1,other,False,0.5,0,Lhat ng song nasa spotify,True,other.general,unclear,1,completed,other
723f07de-9881-4049-8680-1a9e25652914,True,False,playback.crashes_freezes,complaint,4,playback,True,0.5,0,"Update: I reached out to Spotify Support and with some help from Sarah I was able to get the app working again. Old Post:Normally, the app works great, and I use it constantly. I tried to open it today, and it keeps crashing every time. I've tried uninstalling and reinstalling, and updating. Nothing",True,playback.crashes_freezes,complaint,4,completed,playback
2aa566c6-b98d-4513-b900-83702a8db8eb,True,False,usability.ads,praise,1,usability,True,0.1,0,"Nice app, very less advertising",True,usability.ads,praise,1,completed,usability
1a41c7e1-a655-4c63-b4db-c22bdff18003,True,False,other.general,complaint,2,other,True,0.0,0,Worst application 👎👎👎,True,other.general,complaint,2,completed,other
947821dc-b356-45dc-a0bc-1903728fad40,True,False,playback.stops_skips,complaint,3,playback,True,0.1,1,Very good but wen I play my song it o ly plays a little bit then it stops I updated my phone and it worked but it happend again they need to fix this issue,True,playback.stops_skips,complaint,4,completed,playback
47f1406d-4918-4d60-9647-5ca8e610caca,True,False,playback.stops_skips,complaint,4,playback,True,0.0,1,Very poor updates as we cannot playback the songs and most bad updates are happening it is affecting the spotify quality,True,playback.stops_skips,complaint,3,completed,playback
599a0d41-989a-40ef-8ed2-e92db76eea46,True,False,other.general,praise,1,other,True,0.05,0,I just loved it,True,other.general,praise,1,completed,other
5de7f95b-ccad-41b2-9f63-a13f7c1d9f09,True,False,other.general,unclear,1,other,True,0.7,0,We are boycotting Swedish app in our protest against Sweden for their desrecpect & desceration of our holy book Qur'an,True,other.general,unclear,1,completed,other
b58dd6f0-ad88-4319-b6db-58afb60c37c1,True,False,usability.library_queue,request,1,usability,True,0.1,0,"The only thing Spotify lacks is the ability to organize saved 
albums/artists into collections. Would definitely deserve 5 stars if it 
included this feature.",True,usability.library_queue,request,1,completed,usability
372d4e67-59cc-4c54-879f-3e8a202ee554,True,True,usability.ads,request,2,usability,False,0.1,0,Please ye ads ko thoda kumm Karo harr ek song ke baad ad 🙏🙄,True,usability.ads,complaint,2,completed,usability
b567f70c-edba-4922-ac2a-e945e5eb3472,True,False,other.general,praise,1,other,True,0.0,0,good ❤❤🔊🔊,True,other.general,praise,1,completed,other
3ddb3f4e-f7b9-430b-b335-eadc6d321f46,True,False,billing.premium_only_controls,cancellation,3,billing,True,0.0,1,"Deleting this App. The new update suck, we can't choose our fvrt songs after some clicks, we can't CHOOSE song after a song played, and we can't turn off shuffle option. They are pushing us to upgrade to Premium subscription. No wonder if you guys loose ratings and users. Anyway i am deleting this a",True,billing.premium_only_controls,cancellation,4,completed,billing
01d453b0-dca3-42e9-8aa4-5fc167b08070,True,False,usability.ads,complaint,2,usability,True,0.1,0,I like it but god I hate it when the music Interrupts my ads,True,usability.ads,complaint,2,completed,usability
083811c7-d469-499b-9bef-5b9fb096653d,True,False,other.general,praise,1,other,True,0.1,0,best app ever,True,other.general,praise,1,completed,other
aa573851-0b86-4b1b-adf6-210268c08d2a,True,False,other.general,praise,1,other,True,0.05,0,"I absolutely love Spotify, to me is one of the best Music Apps. Great job Spotify!!!",True,other.general,praise,1,completed,other
b5ee7834-a0eb-4c15-9c7b-935831021922,True,False,other.general,praise,1,other,True,0.1,0,Spotify is awesome and and very diverse :),True,other.general,praise,1,completed,other
99b93e31-9f15-4daa-88ac-349ab0419c48,True,False,usability.layout_redesign,complaint,2,usability,True,0.1,0,This update very bad for everyone.old Spotify. we all want.,True,usability.layout_redesign,complaint,2,completed,usability
1fc8b08f-7d6a-472f-b317-8ceb28d00f22,False,True,other.general,praise,1,other,True,0.0,0,Duo Premium .... No ads at all!,False,billing.subscription_management,praise,1,completed,billing
1d15724a-98ff-400a-8083-0d9afc801098,True,False,other.general,praise,1,other,True,0.1,0,Good,True,other.general,praise,1,completed,other
a70e8d3e-3f84-46bc-b008-67f476c67963,True,False,other.general,praise,1,other,True,0.0,0,Great app use it every chance I get,True,other.general,praise,1,completed,other
de48c99b-46fe-4837-8634-e63dbc72a5ea,True,False,catalog.recommendations,praise,1,catalog,True,0.1,0,I LOVE that I was able to put in only a few songs I like and Spotify gave me recommendations for an AWESOME Playlist...!!!,True,catalog.recommendations,praise,1,completed,catalog
0c6ca545-3f89-4da6-b3db-1a352371fb6e,True,False,other.general,complaint,2,other,True,0.1,0,Hate this application 🤮🤮🤮🤮🤮🤮,True,other.general,complaint,2,completed,other
ac4e860a-c042-49cc-90f3-189591c336ac,True,False,downloads.offline_mode,complaint,3,downloads,True,0.0,0,paying for subscribing but unable to play in offline mode really?,True,downloads.offline_mode,complaint,3,completed,downloads
46842184-32f8-4088-ac15-2a700a7e94ed,True,False,catalog.lyrics,complaint,3,catalog,True,0.1,1,"asem, lirik nya kdang gaada kek mana??",True,catalog.lyrics,complaint,2,completed,catalog
47428620-ec21-424d-a515-0b0b0012a5cf,True,False,other.general,complaint,2,other,True,0.1,0,This app is bad work,True,other.general,complaint,2,completed,other
8c0546b0-ce43-4a36-9d33-9f979e98d522,True,False,catalog.lyrics,complaint,3,catalog,True,0.0,0,"1-Lyrics not getting loaded, 2-can't go back to or start song where to wanted. Pathetic update",True,catalog.lyrics,complaint,3,completed,catalog
a972945c-6601-4108-882a-afe986866a7b,True,False,other.general,praise,1,other,True,0.0,0,Phenomenal,True,other.general,praise,1,completed,other
111f9048-f7bd-4be0-813e-76b8fc49f73f,True,False,other.general,praise,1,other,True,0.05,0,Excellent,True,other.general,praise,1,completed,other
89ea724c-358f-48ab-9516-cd130d21c471,True,False,other.general,praise,1,other,True,0.1,0,Good app!,True,other.general,praise,1,completed,other
16d640e9-b281-4746-9562-c7dbcf7126b6,True,False,billing.premium_only_controls,complaint,3,billing,True,0.1,1,It's my best music app but now it's not...everything basic features is premium....,True,billing.premium_only_controls,complaint,4,completed,billing
991b6b3a-f511-458a-a5b7-234f78048fb5,True,False,billing.premium_only_controls,complaint,3,billing,True,0.1,0,"Ads were okay, but limited functionality..it's just too much",True,billing.premium_only_controls,complaint,3,completed,billing
36609c5c-fe48-4459-86b8-cc78fd3c77cd,True,False,other.general,unclear,1,other,True,0.0,0,Bheekhmangon,True,other.general,unclear,1,completed,other
6112667b-3d71-475c-b1a4-159b87f73d2b,True,False,other.general,praise,1,other,True,0.1,0,Super,True,other.general,praise,1,completed,other
ca63dfbe-7120-4e18-af6e-8ea786cd157d,True,False,other.general,praise,1,other,True,0.1,0,I'm loving the experience with the app,True,other.general,praise,1,completed,other
292ce26a-815d-4bce-a3b6-93cb6c9e7e2c,False,True,catalog.missing_content,complaint,3,catalog,True,0.1,1,"Staff must be full of mentally ill kool-aid heads. Banning conservative music that speaks truth. Spotify is doing all they can to protect pedophiles, by banning Christian songs discussing the path the devil leads you down. Pride is a sin.",False,other.general,complaint,2,completed,other
44129679-31a0-4108-9314-086a3456f6ae,True,False,other.general,unclear,1,other,True,0.0,0,Avtar sungh,True,other.general,unclear,1,completed,other
8cc4fad4-26ec-47b7-96e8-49c7da714eca,True,False,other.general,complaint,2,other,True,0.2,0,I hate this app and sweden .I love islam,True,other.general,complaint,2,completed,other
46c0b49f-83a1-427e-8f0b-cef62e3c94b5,True,True,usability.ads,complaint,5,usability,True,0.1,2,"Are you out of your mind? This is dangerous! Listening to music in a normal volume and suddenly an add starts and my ears feel like they explode!! Stop this BS, or you're gonna destroy someones ears.",True,usability.ads,complaint,3,completed,usability
215463ae-95b7-4481-8747-1754b68f31fa,True,False,access.app_wont_open,complaint,4,access,True,0.0,0,What is happening with Spotify?? Recently I'm trying to play a song but it doesn't working. So I unstalled and thn again install it now I can't even open the app.. Just showing try again?? I really loved Spotify but this making me to rate it 1 star plz fix the problm as fast as u can,True,access.app_wont_open,complaint,4,completed,access
5fba12ea-4980-4f25-a129-f830a3974fd2,False,True,catalog.recommendations,praise,1,catalog,True,0.0,0,"I find Spotify very good, it finds and play whatever music you want and also adds songs that you might like, judging from your playlist if you choose to arrange one. 😊💃🎸🎶",False,other.general,praise,1,completed,other
