claim_id,issue_id,metric,value
C001,ISS-BILLING-PREMIUM_ONLY_CONTROLS,complaint_count,12
C002,ISS-BILLING-PREMIUM_ONLY_CONTROLS,severity_sum,36
C003,ISS-BILLING-PREMIUM_ONLY_CONTROLS,mean_severity,3.000000
C004,ISS-BILLING-PREMIUM_ONLY_CONTROLS,priority_score,36
C005,ISS-OTHER-GENERAL,complaint_count,12
C006,ISS-OTHER-GENERAL,severity_sum,24
C007,ISS-OTHER-GENERAL,mean_severity,2.000000
C008,ISS-OTHER-GENERAL,priority_score,24
C009,ISS-USABILITY-ADS,complaint_count,8
C010,ISS-USABILITY-ADS,severity_sum,19
C011,ISS-USABILITY-ADS,mean_severity,2.375000
C012,ISS-USABILITY-ADS,priority_score,19
C013,ISS-ACCESS-APP_WONT_OPEN,complaint_count,2
C014,ISS-ACCESS-APP_WONT_OPEN,severity_sum,8
C015,ISS-ACCESS-APP_WONT_OPEN,mean_severity,4.000000
C016,ISS-ACCESS-APP_WONT_OPEN,priority_score,8
C017,ISS-ACCESS-LOGIN,complaint_count,2
C018,ISS-ACCESS-LOGIN,severity_sum,8
C019,ISS-ACCESS-LOGIN,mean_severity,4.000000
C020,ISS-ACCESS-LOGIN,priority_score,8
C021,ISS-USABILITY-LAYOUT_REDESIGN,complaint_count,3
C022,ISS-USABILITY-LAYOUT_REDESIGN,severity_sum,7
C023,ISS-USABILITY-LAYOUT_REDESIGN,mean_severity,2.333333
C024,ISS-USABILITY-LAYOUT_REDESIGN,priority_score,7
C025,ISS-CATALOG-LYRICS,complaint_count,2
C026,ISS-CATALOG-LYRICS,severity_sum,6
C027,ISS-CATALOG-LYRICS,mean_severity,3.000000
C028,ISS-CATALOG-LYRICS,priority_score,6
C029,ISS-CATALOG-MISSING_CONTENT,complaint_count,2
C030,ISS-CATALOG-MISSING_CONTENT,severity_sum,6
C031,ISS-CATALOG-MISSING_CONTENT,mean_severity,3.000000
C032,ISS-CATALOG-MISSING_CONTENT,priority_score,6
