review_id,status,attempts,reason
084077ee-f9be-446a-9935-9e58550d5153,completed,1,
ff14ea84-fdec-4363-9b1b-a23dcab287c5,completed,1,
dc73ecd9-3293-4ede-90d5-dd6cd1e8d087,completed,1,
a78d831a-69f4-428a-9235-cfdd9775c509,completed,1,
d146397f-4a94-4980-be00-ae9212eca3a7,completed,1,
4c0242ca-099a-4c89-b11b-219ef28f1e16,completed,1,
42f0c9d1-088c-437b-bfc8-c1c36114a8f0,completed,1,
5bc203df-dac3-41ae-8b8d-ee0e8b9d9f50,completed,1,
b39971d2-e3f0-4559-96da-a609f54d9cb4,completed,1,
797d12c7-78dd-4805-a066-342ace701805,completed,1,
9d851b7f-a738-449b-a841-de8076f13276,completed,1,
ad730d1a-829a-4dc4-9561-7e1cd07e2c30,completed,1,
f44b3617-a645-4375-ae2d-44b742a1a306,completed,1,
5d4d3f47-4b3c-4be4-8f11-6cca41d27068,completed,1,
84353026-5e56-4ca4-bfa4-e006d021ef44,completed,1,
178c3b49-b689-4fe4-92a2-2257a58e6d95,completed,1,
b92a7381-b5cd-4c77-9176-e5c4b4818c8a,completed,1,
94c9f2f9-36fa-4c11-936e-660514fe7a35,completed,1,
e25cf0b6-0285-4cc9-9a4a-5a8a05be929e,completed,1,
9f46904c-4ed3-4799-8949-379b949c7344,completed,1,
618d1dbb-0186-4537-923a-7b4dabf19afb,completed,1,
277c75cb-ec6a-4387-902d-eb721d038db6,completed,1,
45c561b9-cc47-4d80-95d3-f0d20bc84af3,completed,1,
ba274609-2cbc-4d6a-9624-276d1c8246e8,completed,1,
a3605554-5c3a-441d-836e-e9fdea83eb2e,completed,1,
7e91d976-20e5-40f0-a6f5-7312eadf7e78,completed,1,
8cb9d355-e14c-4f55-b026-c6abd7bbce0d,completed,1,
4ab2089a-ffa8-49e7-a8a3-aeb583a96796,completed,1,
b47c203f-366e-4409-922d-cd52aa8bbef6,completed,1,
9c9757da-6b99-4c95-a0e7-0661ee858027,completed,1,
23de7958-ccb0-4356-bc12-094935e6857d,completed,1,
0f2b7fd2-71a6-4657-998e-da44f5893956,completed,1,
55cc3abf-c295-4591-8c3a-78085cfdefaa,completed,1,
88439ec2-7c49-4c57-bedb-c5e098692aff,completed,1,
3e8bdc92-4934-457e-85cc-8b9d14bf51c0,completed,1,
c1fe1a70-f5ec-4009-bad6-b75437ba1c0b,completed,1,
2be2ae92-6ad1-4c93-8589-65a0ce68fe46,completed,1,
c2738a4f-e57c-46bc-a4ad-8ec5a4b5d5cd,completed,1,
21915fcd-9a35-48ba-b277-6296c4154603,completed,1,
7084ced1-0428-4093-9328-442f74719b4f,completed,1,
4aee0d75-6901-426e-b0f7-11d042ccc73e,completed,1,
2ffdf599-a0d5-4c01-bf26-025215d44c06,completed,1,
33526c6f-7a49-4b3d-bd20-d1bc191c494c,completed,1,
51bfd887-24a0-4741-8b59-68e0a726dd7a,completed,1,
5c9c17d3-9d6a-4fa1-a2a4-ae98eefbbd25,completed,1,
e575daac-46ab-4da3-b9f5-723bf4000234,completed,1,
8737ac88-7e76-45ba-aa42-4eb97e3300ec,completed,1,
3e82cf28-6b0a-4980-902c-b6aa154d353a,completed,1,
ed15bb17-865a-492b-ba1b-268f4cab78f6,completed,1,
ca16e65d-d2ff-4453-a495-b8c422809330,completed,1,
10f09c93-34ef-4a3b-8ee2-97d7c00d44e0,completed,1,
8decb2ac-5860-49e3-8dce-9ca198ad061e,completed,1,
035213ba-b1b9-411c-b028-70296e5f0e73,completed,1,
486d1d7a-d6f6-41ea-81ad-ed875452729c,completed,1,
dcff57c6-abd6-413b-b255-aec3dc34fcbd,completed,1,
46ff0c74-5e86-4e5b-b4cd-36201aab0f9e,completed,1,
8b6e028a-5f63-4011-9841-cbbade4830eb,completed,1,
67b21b33-e6b9-4d1a-b874-86bc182b9ada,completed,1,
53e95a47-d326-4579-945d-a7aabd780b12,completed,1,
85383985-844d-4f9b-bcd9-d6016ac35f6b,completed,1,
9e5f9745-f8be-48d3-b9de-4d118507d94a,completed,1,
0658feaa-5bec-416e-b6b0-3de2a4c14580,completed,1,
b9a3e661-0eac-4cc9-a30e-7b1e11ef1315,completed,1,
85ccf50b-7e85-4068-8765-5c122d61580f,completed,1,
23d905f8-8684-41b3-8faa-42571f3eaeee,completed,1,
2b57a12b-bbbe-457c-83a8-1bec297a5f63,completed,1,
89ea2c30-db8b-459d-8ab7-bbcb7f92c774,completed,1,
d7b04025-054b-4929-a507-15b751c39fdc,completed,1,
7a833667-4fcb-4a40-a88d-c55cfeca3d16,completed,1,
89a8e180-7846-4421-a2b6-fa7787e9d0d2,completed,1,
0b52ac4e-1982-46ed-aeaa-74eedaefb5c9,completed,1,
ab67a772-c3b7-42ba-9b80-8d21d3857018,completed,1,
cf6166ae-d71a-4839-9add-088645ad3b78,completed,1,
dd90623c-dcd8-45a2-bb5b-3ace2b383667,completed,1,
6c257eba-3dca-49f6-b7f0-4c4484d81e26,completed,1,
1d9f396e-7a8a-414b-a622-3ad6f9570abe,completed,1,
de0a9cdf-8974-48bc-802f-331228df4619,completed,1,
06a45bd5-3ed9-43af-b7f2-8b9487e2ffff,completed,1,
5db4a676-1f15-48cf-b989-a0a0fdb1c7a3,completed,1,
916d1cb1-3a9f-42c0-9c36-fee4b1983c68,completed,1,
ebc64fe2-9553-4528-87d5-cb4bb9783be6,completed,1,
d455c11e-c530-4c03-a395-38f5a5cdb8d3,completed,1,
1807cc68-ba99-4edc-b6f1-2a1478e69109,completed,1,
e16a4550-43e7-4ae1-b538-a65cc652c31b,completed,1,
2d5cdd20-3094-40a5-bc6e-653302b59b56,completed,1,
9e3a706c-f502-4664-a23f-33f3480eca64,completed,1,
e0127547-4edd-44a0-8d5e-e8398bc07086,completed,1,
66a29b3c-c14d-440e-b722-b23e0c99ae82,completed,1,
32fb340f-4f9f-4551-8dae-755221e58d6a,completed,1,
ee3e2bd4-f94d-4e76-b2a6-5f6533d74c7c,completed,1,
0a5ff524-27b1-4f3b-a761-17ca48ee731d,completed,1,
47becad0-8ae5-4a10-9731-fde8f2091862,completed,1,
a1a28752-3256-4f81-b888-3e943343529f,completed,1,
a7aebec4-11e0-40d6-abf5-7a4798ebbb98,completed,1,
aeee488a-2077-489d-8914-1e01d5f7672f,completed,1,
884e8712-da13-4890-a39e-731b69f42d6c,completed,1,
c1ab120a-f91f-4ee3-87f5-66f352e2d47f,completed,1,
9f3794ed-4f4b-4430-a548-9cfd2d0c0084,completed,1,
def34476-7bdc-443a-ab3d-475cdd5ca2f6,completed,1,
e5e6c55f-3069-4b7c-9807-f8b5d5bf2726,completed,1,
8e9a5751-c1e8-4d7a-afbe-5239c98a08d0,completed,1,
f7cc1aa7-c306-4f5b-a5e9-911cca07fa60,completed,1,
f1532a7d-a47c-40eb-b41f-da17a379f9fb,completed,1,
e85a31f6-786e-4673-94b8-010fea8ce464,completed,1,
a7b7539a-c8d3-4f4e-9edd-d46cd1b1fd12,completed,1,
7a8b5434-66b4-4b13-aa91-5ad62a86ec04,completed,1,
5e42046c-b29b-4035-ba83-a8e222789e98,completed,1,
8f0071a2-190f-4e20-bec3-3f252e47a6e3,completed,1,
0575ce08-ab04-46f0-aa8a-fbf9cd27e8da,completed,1,
2313bd8e-43bd-4777-bff9-3ae753288f0e,completed,1,
16929558-ce1e-4b87-8738-a1de3f557f66,completed,1,
d26566f7-a898-4298-a06a-50bd3f7319c1,completed,1,
6db48f4b-20a0-460f-9beb-e07cd20f9fab,completed,1,
890aeb60-e7cf-4f0d-a321-03a1c8b65757,completed,1,
61d5fc66-9bd1-4a18-8185-ae9a451e05a3,completed,1,
d27e9b26-a7af-469c-9a4e-8deea2db72ae,completed,1,
e667ab56-1b04-4596-bfd9-69f5919dcc10,completed,1,
7e610236-5f6a-404f-a503-ed466c6700eb,completed,1,
5fb2a0b0-bb06-4d73-b6ff-1a2d332fae37,completed,1,
35008b46-daf1-497c-ac9b-fe98f120f912,completed,1,
5c581e49-727a-4221-be0a-a59344c78d60,completed,1,
d635d6c8-460e-452f-8d53-6cd1ea804e98,completed,1,
06d59085-ebf9-454a-ba15-1e8480562352,completed,1,
bb77bfb2-6eb8-4c6c-88bb-491c7da75196,completed,1,
54fdf931-7807-4af4-9c9b-d87845129bcb,completed,1,
15502657-31ee-440e-8df3-2c405b5da275,completed,1,
ec8d58bf-f9e2-42c6-870b-b87c78fe569f,completed,1,
475aa270-a637-4332-ba8d-48def4869f98,completed,1,
824cc977-421c-4445-898f-663acfd131f1,completed,1,
8f8c0461-4c41-4829-af15-b2991f18adfe,completed,1,
e04b40b8-4ac0-4058-aa91-89986d53586a,completed,1,
c3fd591f-890c-4721-bd99-57c3600ae82c,completed,1,
ee17dcd6-07c0-4441-8e64-e7ea57877c78,completed,1,
b551645f-204f-4134-b3ec-dd37dda36d95,completed,1,
e81ef9d4-212d-47fc-b360-f9a1914f2bcf,completed,1,
6f51891d-fa49-45e5-b2b2-27172682ab8f,completed,1,
d0ad8f6f-6746-4042-9645-2051184824f6,completed,1,
9db060c5-2ff5-493a-8a19-01a3da91ff1d,completed,1,
aa8fec15-2de4-46af-a911-1b49bcb4eb4c,completed,1,
bc1c4825-00c5-458d-ac00-098ce729c76d,completed,1,
9f7a013a-082e-4ec1-8a65-a1e0a0395d20,completed,1,
f9e87b89-b080-48a2-a019-5c5dcf1689a6,completed,1,
28711041-0c42-432c-a1ad-63be8278ebec,completed,1,
3df77a78-ad9a-4456-8be8-8178ffd43d67,completed,1,
cc7b79ef-bf37-40fc-a02e-4917b86e422c,completed,1,
7f27bbab-ef19-4fb1-80d8-cd014da3e002,completed,1,
179d79f7-d052-490f-a9d6-f97525b32642,completed,1,
77a53aa5-a453-4bcb-8267-d4f44a492dd3,completed,1,
72ff3e9b-bc33-49a1-b9a6-deb8fb904cc3,completed,1,
6ecd5837-917a-45de-b811-278da3a26a7a,completed,1,
9a436d71-1493-4700-a5cc-91472f708dcd,completed,1,
b03d6dc9-449a-4647-b112-559186656759,completed,1,
d767f1af-e8eb-41af-9cc4-8bfa35253870,completed,1,
56f6a4a1-7aa3-4e61-a361-0f1f7c754fac,completed,1,
fe5dadcb-e99c-4675-b8c8-6c2bacb338d7,completed,1,
453b621f-6bdd-428a-a610-2b55918c9adb,completed,1,
0853c56b-0fa1-4d12-9cb9-6817d52233f5,completed,1,
e8f2fb9b-ad3b-4fec-8194-ab67956ee50a,completed,1,
4b3ace8e-b199-40b3-8ad4-5c0580e38203,completed,1,
2062c32e-3fab-4957-8ffa-d0e89767abaa,completed,1,
6a2cd434-9ad2-4e66-8968-ad066659d4df,completed,1,
2c3b2ca3-32b0-435f-aef5-84efafce6606,completed,1,
9ef99a2e-7d00-4d76-add9-85b0c0a06572,completed,1,
0b626430-7bf8-4ae4-9a44-f6ffc4324424,completed,1,
62b53e0a-0397-4200-826f-122d18fdde32,completed,1,
253a336b-ef38-49b3-beda-3758b0d6b2c2,completed,1,
9ec495c3-d57d-47dd-b08d-834557b12117,completed,1,
05fa5b8a-a49b-43be-bab5-38af789a65a7,completed,1,
8b47c5d7-d31c-4aae-b00d-d62217ae55fc,completed,1,
6eb64519-37d4-4591-a47a-bbb96357de36,completed,1,
e3238297-f942-4c8e-96f7-b951b461e707,completed,1,
4966b59e-cf09-4881-b3ea-34fd4118a553,completed,1,
fac0295e-9b7a-4422-bf77-6faf41eaea55,completed,1,
55bc2f5d-0157-467b-8f5c-2f9c7d1b0c04,completed,1,
710e1aee-ed80-4753-9c4e-c63bee84fd56,completed,1,
0839f80d-e672-4954-b50e-20f85c2b8d16,completed,1,
b45ac639-166c-4089-a716-d462162a918b,completed,1,
0fcf89b2-0b81-4838-bf5f-41c684e43b2d,completed,1,
e2fc1a52-c841-4122-8124-02e2ada9a345,completed,1,
651e6e7b-f93e-4369-9631-15c73ddcd4ad,completed,1,
8f848aef-444d-4f95-8868-8579f690beb0,completed,1,
4001e2ec-2621-4256-b42d-c4988458a293,completed,1,
b4f4440f-d952-405d-bf7b-f19fb0adf484,completed,1,
7b7b7855-cf14-4b59-bdc6-12916e833002,completed,1,
40f1506e-4bbb-456a-ab3e-8c15911b62a9,completed,1,
82aedd59-debc-4147-9ff4-5a95c3d3a4e4,completed,1,
6884452c-d727-4c24-9511-017020f73a16,completed,1,
0cc5a3be-e40c-4e9f-918d-53d284e2e5b3,completed,1,
7c431748-3a85-4080-8cf9-c41f48f92ea5,completed,1,
6abbfa21-bc7b-400f-96b2-b07fe77b5e37,completed,1,
b0d0660d-b859-4d87-97e8-7420f05d1f94,completed,1,
0be20402-efaf-482f-9635-78f166bcf538,completed,1,
6455e7cb-ad90-47ad-883f-5b0f0e205af1,completed,1,
a06df5ff-01c8-4aff-a89c-a0c2ddc88f76,completed,1,
9d15352b-b78f-477b-b56f-44a6698ba55a,completed,1,
af53cf35-c680-4ccb-b30c-cfd85bb61c57,completed,1,
90c663e4-4362-4929-b4a8-098db44c2cc6,completed,1,
10775595-01b9-4623-9163-51619e2a0fa9,completed,2,
0ed90e01-b1ca-40a5-a0a2-4660c0fdaf60,completed,1,
c55970e2-9223-4e83-92de-9b7e4aac0663,completed,1,
f2ffb274-3e65-4454-8181-ca7ac99d698e,completed,1,
02777996-211f-447b-94c4-99b61f049f78,completed,1,
11ad400f-4487-4dfa-a9da-c8d624f4f107,completed,1,
6a4f84b4-18e2-47d9-adb8-2461a9319c11,completed,1,
c76dcf3a-f9fa-4173-8129-1d0cb9fcfe6a,completed,1,
4e4c0ec8-e42b-4428-b192-d527c3384aab,completed,1,
7a7e7a59-4d62-46de-b524-7e83e0831caa,completed,1,
7c0a838b-2af2-4893-b8a2-315c41932dc3,completed,1,
7e506051-c39b-475f-bf7a-d1644de5faa0,completed,1,
b9ae23d2-1152-4bfe-a876-afc09c005377,completed,1,
68edb14c-aa3c-4d89-918b-d26550902f5d,completed,1,
df239418-e786-4b6f-9545-6946e1960b89,completed,1,
57aca404-d58b-4bb4-97b1-c64db92f054a,completed,1,
70b76b68-4876-42a9-b1fe-80087693908b,completed,1,
c7df9cb8-7bec-4036-a6a1-1353d2d705d8,completed,1,
00363dc8-2117-4565-9af9-efadf8fa90cf,completed,1,
19effee5-bf96-4313-8cf9-1ac996c1c4f1,completed,1,
f451fc91-bacf-4871-be64-0a443fb0139d,completed,1,
d218ffde-42f9-48f8-a793-832507454b35,completed,1,
b5b7243b-4e06-4781-9f91-4e62c93f6efa,completed,1,
3a21c4bf-5ff5-42ea-8762-a54e7fe35a6b,completed,1,
dd89d3d3-e4c1-446e-b899-fc038cfbcf95,completed,1,
82247807-4a3b-47ac-9daa-8b085dcdd56d,completed,1,
78adfe35-9414-4c3c-8521-4ea85902c349,completed,1,
dc1041ce-994c-4553-a4ad-43cf76c62590,completed,1,
4ee5a8ba-99dd-48ce-9ad0-67034e4decba,completed,1,
4a806587-0dde-4fb4-b4f1-f5c7d197c927,completed,1,
985ac1da-f3d0-4f91-86ed-74869212c8fb,completed,1,
d3ddb3ad-e576-4638-a100-926ba56caabe,completed,1,
a862b037-7542-4a3e-94ef-836b7092f4ef,completed,1,
aea961b7-0d0c-4e46-bbf7-1fb4d7bdd437,completed,1,
0d361ea6-3089-41c2-9e0f-4cd6a04f0dd8,completed,1,
ed8efdfe-43e3-4baa-bbed-317807663531,completed,1,
39e472ad-2038-4978-a559-d052e3844e59,completed,1,
1340bd5d-35eb-4434-84b2-0ce9ca7dc9be,completed,1,
2af6b060-b468-4d20-9ad6-28e7a1d49a55,completed,1,
9f1daf2a-dc11-466c-bc25-8c5d20a62690,completed,1,
1f13c3a2-e57b-460c-b569-964e6b2b1f31,completed,1,
f8a85378-c4dd-40e2-b548-beebcdf3b991,completed,1,
bc554ce2-8461-46eb-954d-c81e5b388cf4,completed,1,
7c5d9a4d-1bb1-4da3-bc3b-2500ae0246f1,completed,1,
802f3b48-4008-4261-938f-912a703a860d,completed,1,
98d936e1-fd1d-475a-89ee-0e1517cb60d3,completed,1,
b1beb540-0a06-4396-9677-161fbd8029b6,completed,1,
4d5b9506-3ae8-41e0-b5fd-381eda6ca773,completed,1,
bcdf315e-c82d-41f0-9fcd-ba5933dfe77e,completed,2,
7fd63051-28ec-4e51-a06e-97f7010eae40,completed,1,
99a2f218-f1e7-4341-b8cf-bfef974095f1,completed,1,
08c07310-e802-4a88-bd97-2a5f240c0b44,completed,1,
544a8481-e12b-4878-92d0-ec3a5256e13a,completed,1,
19cefc8d-4813-4fcd-8ebe-41958a622517,completed,1,
12efd15d-4d4f-4a71-8e71-69d03b6f983a,completed,1,
a7d1497e-a3c1-48ab-b85a-fc6da6d58240,completed,1,
1ee942bb-a3de-4380-8c08-a15949687c6c,completed,1,
02311997-e9a2-41f9-acd2-303988b849a4,completed,1,
6a5955ed-feb5-4941-a2fd-4cb2783899d1,completed,1,
10cef081-06c5-4a80-8ba6-e62f5e537614,completed,1,
f1abd13b-2391-4b04-8109-efa7f3cfed0b,completed,1,
00a77161-cb3f-4fae-a7b6-eca2cfc124ec,completed,1,
eafc278c-3f57-447f-945c-580ae5a4815c,completed,1,
42644f9d-f2b5-4399-8d32-68626340f1ce,completed,1,
dcbfc8ce-42b6-4737-930d-500e28172051,completed,1,
c64af4d8-ac17-48fe-ae38-fd54b41b16b1,completed,1,
8fa44011-273c-402c-b17f-0f2dc13a0091,completed,1,
24e63383-4646-4f63-ae37-2014857c236b,completed,1,
3252de76-f17f-47e2-9517-fe47f66a1fdb,completed,1,
61e0ddbb-6ec4-4d3a-acd3-41eb5f64afb7,completed,1,
074efbfd-f69e-46ca-9cea-e5204a192a2a,completed,1,
1cdc5bb2-8e8d-4267-8853-6c1dd4c7ef13,completed,1,
507bc222-f269-4f06-82be-b80a34df9691,completed,1,
0b716a9d-85bf-4f4e-8e2e-be71e4a379a6,completed,1,
d87536c5-6fe0-4b38-b0b1-c47936e4a0d8,completed,1,
4526d439-a6e4-4e0a-b0bc-ae0f9ce5bd96,completed,1,
4b70b375-722e-4c8c-bead-89911e989040,completed,1,
9eb1e5bd-44a3-4f35-b86c-1bfa8d2d30b8,completed,1,
0b5db00e-a562-4125-897e-3e73937b53bf,completed,1,
7184c35e-b707-409a-bac4-5285dac64eae,completed,1,
db93c5bf-998e-4ff2-aa22-a105ce21a40e,completed,1,
039112fc-bbed-4540-83cc-890fcb129751,completed,1,
66c56c76-ca94-46ef-b0a1-931654ead16d,completed,1,
7d5ddaf5-2f4f-4883-9ddb-e46a2b584ac0,completed,1,
04750628-d5b6-4492-a94e-1cb611a5d96b,completed,1,
5cbc9acd-8d44-4719-9409-b40ad0db4211,completed,1,
6ba8fc67-700c-4d33-ad84-ef67a05b2ae1,completed,1,
065c418e-7f18-42a3-b241-fe693b7a2b0c,completed,1,
34d725ce-a365-4c28-b212-37fb9d83959a,completed,1,
e07b648e-f8f8-42d6-ace5-394f28d8a1b2,completed,1,
9ce5f16c-aef0-48eb-ace1-91905796bc3d,completed,1,
8cd35162-9223-42d1-8097-06e22fde94ea,completed,1,
d026f593-81ce-4ed8-8913-8e8a0160c623,completed,1,
bb1a158b-e781-4a16-855b-d4f04a61002c,completed,1,
5b70cf97-c4a0-47a1-b3ad-c55889eb4dc9,completed,1,
28a441b5-1d54-4a5d-9df3-cbc84d21527c,completed,1,
0fa19eb8-c470-4217-8709-05f850aa9b88,completed,1,
fb794fdc-50f7-47d1-abc7-22c6b0cf6542,completed,1,
62ad2462-7b07-4238-9025-8cdcaf4e7c8d,completed,1,
9e10d59a-0971-4af2-8125-8950bb0d5061,completed,1,
68107809-52c1-469d-a78a-569280e49ed6,completed,1,
130820bc-da31-46d3-9088-b09cb62cf241,completed,1,
8216dafb-b5e2-47e2-b342-9f73c203b56e,completed,1,
ad718533-a53f-475b-b200-58ab07d07d5b,completed,1,
5fb51bd0-dbe9-4a19-a466-a77f0c14393e,completed,1,
86adc9b6-be58-400c-9a08-aa082ff0535c,completed,1,
5d5e08d1-1686-4c86-b9bd-cb0f3a719e0b,completed,1,
46b77196-0d17-4a48-b376-03a50b3d7440,completed,1,
b7b8c665-4ca5-4123-8ff4-fc874a4a7f93,completed,1,
f1c0acd2-8eaf-421c-8143-9908a9a527fc,completed,1,
78e1bfcf-eda9-4b63-aad1-af44dd119c76,completed,1,
02365ec7-f37a-419a-b26d-bf2467d38461,completed,1,
232c669e-8bfe-4642-b0c9-229c2911cc6c,completed,1,
f67fefbf-9055-4f7c-a777-80446653997c,completed,1,
b543d31c-665d-483e-976a-fb1d1bfc75b3,completed,1,
32947da1-ff6a-4a53-a770-d4b4801fd553,completed,1,
e23c12dd-e6f1-469c-a6e0-506f56b7b786,completed,1,
6524068a-cff5-45b9-bd37-b91a6cb71475,completed,1,
3a88c96b-2760-4eb8-9271-6c55e2304392,completed,1,
0c705bfc-7d24-4ce7-97c9-d701686750e9,completed,1,
e5e362d7-1057-43bf-a3ca-8ffd93f80789,completed,1,
0e5a2a0d-7f67-48a5-9edd-27064f670656,completed,1,
6531323c-f8ae-4103-8bb1-d021bcd7efe8,completed,1,
1db044db-d184-4335-877c-d8fc364b282e,completed,1,
4701dc65-3087-4895-95ac-9c98d6357ae1,completed,1,
e07b106c-f454-46aa-a592-0b92d644bac0,completed,1,
864e390b-135e-411a-9d03-f28648086cfd,completed,1,
c1726764-f0ce-4abc-ad9e-6cd143e1b2c7,completed,1,
8b9d84a8-f650-4272-b332-4d60cb42377d,completed,1,
3feb5ba7-4a0d-47e0-a803-eb2dce85dd5e,completed,1,
27aeb125-266a-47c9-85f5-bd8a56b4d6c3,completed,1,
394b1e3e-205a-48a7-a9ca-64170fa5f6a0,completed,1,
ec96a982-68d0-44c4-b2be-13a999be4094,completed,1,
92c43612-30bb-4514-bd51-cb7419c7e4d2,completed,1,
ee7da374-2a0d-4f3a-836e-07f40f2d3d0b,completed,1,
88813438-756d-4197-a038-bc0d6439f7fd,completed,1,
d5761299-2544-415d-b2a3-ca4c878e0eb2,completed,1,
9b7042bf-56c4-4b64-9c8a-3c6c10ca487b,completed,1,
4d327494-7846-481a-bf00-f4b5abc099c4,completed,1,
4f0ead84-a25f-4f3b-a9ad-451dba35c49b,completed,1,
ac581cea-24f2-4251-a062-53cdd77cfed7,completed,1,
3899ed22-7b96-4c4f-9706-42985b8d8049,completed,1,
f9cf3b4a-c40e-4578-9f6f-358807450b0f,completed,1,
bfda45a9-d2a3-4aa6-8530-9abe87a63df8,completed,1,
384008ad-eb79-4525-a794-b0b67f7fb3f5,completed,1,
58511d69-67c2-4432-84d8-f3c556592f2b,completed,1,
0070e713-4cb7-4d78-954f-1764d5593c91,completed,1,
145ea602-b8fb-41c1-bfdd-79293a18681f,completed,1,
71095e1c-86d0-4639-8db0-9b74afdf6d4e,completed,1,
4a2ba740-231c-406e-a7a1-c31349e99c44,completed,1,
a8170750-1671-4962-bba3-bd297d78f0bc,completed,1,
7f057d48-0855-4325-950b-44f9e6fc2ee1,completed,1,
ae2e8bbc-49a5-4e88-a9b3-0432f7405274,completed,1,
6970ec7b-5762-4a95-8b08-ce7b97745a1a,completed,1,
18533a99-32dd-4e9d-9aff-9b9091211c73,completed,1,
b0fb4c8e-e2be-432d-84bc-b4f30b0d2aa5,completed,1,
e6327fbf-61c6-4020-99da-5fd3a2e860d8,completed,1,
8454aa1e-ceb7-4676-adf7-e20f6989f5c9,completed,1,
3835deb6-e411-4ba9-9b7c-d51a5e13c34c,completed,1,
85e978f0-13e5-4264-8d3d-251ac5c36461,completed,1,
ac480d7d-1af8-48ab-b581-ab13ede82e67,completed,1,
cf94f912-2dbc-4e23-b531-ee92dd0e4f4f,completed,1,
7eaaccd9-bf5a-4bdf-b5a0-31abbe500039,completed,1,
a79455ad-854d-4fa3-9ec6-62c315feeb32,completed,1,
5650dbb7-7525-46e7-87b7-a75197c48ec7,completed,1,
a0cbc9d6-51bb-46f0-9ba9-ad4f4593c266,completed,1,
e09a9cf4-7ab2-49fb-b3f9-543ab70d6aec,completed,1,
6ea569fb-4d91-4fea-bbcc-c61cda5791be,completed,1,
fba7981d-9ca6-44bd-97d7-5d16053b016d,completed,1,
aa94c946-8e7c-48dd-a673-87c5389b2edd,completed,1,
e87bc648-9eac-428a-8f68-3ad17e1ed699,completed,1,
66c1f7bf-096a-4ecd-aeaf-6c534e326ad1,completed,1,
f91ca58c-f265-47d0-aa63-2da3dd8dd87e,completed,1,
80e2b39e-11a5-485a-aace-8a8d8c564dc1,completed,1,
caa9bb7e-814c-4895-b872-10637419b9ba,completed,1,
36f1617b-e4f7-44fb-a7a9-a8236e4c3531,completed,1,
1a7af7d7-f3db-4a08-a041-b2fa84f08379,completed,1,
088e9ac3-8b93-4bff-8c75-032362d37b64,completed,1,
f5cc511f-ae71-4985-a737-1c0075156e2b,completed,1,
59f31721-b2c8-40c5-ba3c-b9fe64a58d68,completed,1,
8b8e60dc-c64c-4c65-9e5c-5bb2df16d384,completed,1,
c13dcedc-50da-48a8-a90d-cfb037a66478,completed,1,
8c81b973-f8c0-4d32-b0e0-844601f266fa,completed,1,
0c65cf2c-7e0e-4fd6-a146-9e02126e9e13,completed,1,
f782a3f3-b0c8-475c-a34c-cda0fefa272e,completed,1,
83e0e3fb-c641-483d-8b6a-16dff7c2ab24,completed,1,
94fd7069-c8e1-4f09-9651-dd9f5cfefff4,completed,1,
b25beb44-9cc8-4d1e-b375-a4f319419424,completed,1,
cd1d1b59-9de2-4181-bf4c-635a5d5f8e1e,completed,1,
67835dbd-10ac-4325-b93e-453d1bd5ec36,completed,1,
f66a61ed-c4f6-4e7f-8f3b-a4c0d9fbf6af,completed,1,
a0036cd0-72ae-4d2d-98a1-c12938dd166c,completed,1,
991dc66a-aba8-4844-be48-816539680877,completed,1,
c0f03952-e067-4f25-99fc-18a1a045ed9f,completed,1,
57c09fe7-3f31-42ab-8bc3-016229670470,completed,1,
50626053-301c-42fa-91aa-2f88aef82e64,completed,1,
d96a2bff-54e8-427a-ad8d-01d5550a0875,completed,1,
3db7e65c-e5c0-431b-a107-28efeaae5acc,completed,1,
f87fb3d9-501a-4119-bc40-b0669270ae44,completed,1,
e393cec1-67e8-4f58-a484-8d9d76dc8fd6,completed,1,
ff837c31-b7f4-4450-8e5c-e5842776f3bb,completed,1,
4519d4b9-f083-4035-b478-338b73322b47,completed,1,
3b85826d-de5f-4cd0-b985-19697c467fd5,completed,1,
be84cf74-541f-49c8-8262-fe6e9faedfb8,completed,1,
cc915d09-97ce-4d74-a04e-77d8f2d00e85,completed,1,
237e6174-4921-44df-828c-28f7b9d6196e,completed,1,
15b8d32b-f210-4bb2-aa86-27812d9cb0b5,completed,1,
1d1480fb-0142-46da-8570-45bf3983bf6d,completed,1,
686fa8a8-f220-4ddd-b283-d61dd242051a,completed,1,
0ff5ee8d-e95e-4541-acfe-dd149b10693f,completed,1,
2f40c0be-faf9-450d-8823-da8dbf9ec3f5,completed,1,
cdf1cfe2-04e9-4748-bbd9-65cda5873d63,completed,1,
c1991299-2137-4121-afc3-552e0a87a2c2,completed,1,
0d9c62d1-2b53-4887-8156-a28eeac86e82,completed,1,
b650e64d-4109-4e5e-84d6-7013f05ea4eb,completed,1,
b5c993cb-5447-409a-8ea4-b8d8b2952145,completed,1,
e69dc5e0-1317-424e-a778-6081914a7b85,completed,1,
4d7c1b3b-b7f8-417e-a984-6ae27c3acef5,completed,1,
051540ac-7d80-406a-aad4-87fbf9bb7ce7,completed,1,
d7ac7c0c-67ed-494a-a8f0-fce7ced88c3e,completed,1,
8c4f5877-bd22-42ce-94a7-90b0827b6f3e,completed,1,
59039057-3b95-4ec8-bc1e-5b5e7d538fb7,completed,1,
06d4c78d-73b4-4b54-9ef3-3d5a0d18cb96,completed,1,
2448af82-2977-4553-ac5b-36eeaa5b2679,completed,1,
40a6eb1f-acb8-4101-826c-7bb3fc195584,completed,1,
77146d59-68bc-4555-9242-ffabb360086b,completed,1,
59da9b92-c3f1-4441-9dbd-dde441468cf3,completed,1,
01124066-b5dd-4c79-8618-d1bea99d197a,completed,1,
dba9f26e-fa2c-4f15-a211-ddc9d908f319,completed,1,
3e0f6d1b-8d2f-42e0-8ce1-021fe544b585,completed,1,
b2fe1592-837b-48b7-96a9-0178354a7924,completed,1,
9f3626e0-1bcb-4788-a412-f812102502d1,completed,1,
5be3399d-dcd2-405b-a931-29b02ffc966e,completed,1,
cc39673b-e332-4f1d-a6c6-ce378a715dcb,completed,1,
eb3e15c2-8576-40e3-9024-2f619aa5b983,completed,1,
cf71ae94-ac5f-49e1-bf3b-363d272af12d,completed,1,
47bd8a1f-b7a6-4b3c-996a-9802d8ba119a,completed,1,
e79310b8-a9d6-4765-9652-ee0c87c951b5,completed,1,
cc646d29-b636-43e2-b980-bbbed306ba6b,completed,1,
7432a371-0b24-4052-b22d-729bd2607822,completed,1,
84acb6b0-dd91-4330-944f-2686cbd15ce0,completed,1,
3f218ef6-e886-4bbb-b63d-dc680a1f7276,completed,1,
91755919-64e7-4613-94f9-4cfb44976c44,completed,1,
5738a6ed-6cfc-48d7-b100-e9d5189ef23c,completed,1,
7d6aaa11-75f0-41c4-8f65-d2fd8bf2745f,completed,1,
4f6a50a1-9440-468c-b35f-961bca94fd88,completed,1,
347e23c3-b84f-49f3-8d7a-da9f797d3790,completed,1,
407ef483-36a5-4d94-8c69-2bcb83ad3329,completed,1,
2117a268-4c74-4795-9a11-00799e3fc450,completed,1,
f87b4f85-ca34-4217-9721-2d7a6ca904a2,completed,1,
6b55ac9c-8dd2-4170-8782-bd35985ec0d9,completed,1,
4c34f240-76d4-451a-ac74-5bc6bd484825,completed,1,
530b7128-1b64-46a7-81ad-d69c4bf821cf,completed,1,
1d3f978e-b31f-4a4b-ab17-ec46ab4966b3,completed,1,
7f1073d4-34a7-45b2-80b8-e0c1edcfaa5e,completed,1,
5a4a0f00-ce5f-448d-8425-48eeeba76b4d,completed,1,
f40fbd38-16c4-46fb-ac1f-35d28fb5a48e,completed,1,
6d5a2382-f027-4636-810f-bcc075fdb534,completed,1,
d3b74f36-aa48-42af-ae4a-d4a8b0499a60,completed,1,
d0150464-7f34-43b2-b729-bbbc5354db7e,completed,1,
9666e9fe-0bc2-4e4c-8842-2162be0b6610,completed,1,
b7d87a12-258a-4837-9d84-41adc58fa4c8,completed,1,
e88f6617-0bce-498a-9f39-fbeb266f2304,completed,1,
e64244cd-2984-4015-bdad-3bb3a5268dd7,completed,1,
16b3ba08-5722-4b8d-abbd-4da6c0cde9f2,completed,1,
f6f9c680-0970-443f-b422-b1a6ad85e7ce,completed,1,
e760f409-29cb-4df0-a601-21534b0c7062,completed,1,
1ec1edb0-8827-4ee5-ba31-47c5a9c0a169,completed,1,
adc4c3e4-3717-4888-ad86-c9381c224d2f,completed,1,
c3a06276-8d6a-408c-8d8a-000873a2ac62,completed,1,
08d3a5a9-1ec1-4b10-a5c8-393da33843e1,completed,1,
5d50e8f0-18d7-4510-8b1d-eb6b2323f3c9,completed,1,
a3c6d913-4b67-4025-b34e-3760e5f7795f,completed,1,
3bfefa06-133c-419b-a435-1fea919d6a44,completed,1,
c374ef2d-3676-4c5e-a0d2-02242a254f22,completed,1,
db98b02f-8a79-4b0c-af77-439171a20781,completed,1,
2aae0ce4-ae4a-46ce-b2fe-0d901eb23c06,completed,1,
e8aa5daf-2036-430c-a340-90d395c9e029,completed,1,
2e2480c1-7799-4a66-be67-a947a2d99680,completed,1,
aa86aa43-19d5-40b4-8b03-535a96346e18,completed,1,
311b200f-e6bc-429e-9944-4d3a460e84ee,completed,1,
1cf9682f-563b-4262-8303-fa456a65b819,completed,1,
6906dfd7-a45a-4d04-aa74-5f34b1ca5ed5,completed,1,
509915ba-cf86-4baa-9bea-a73af229ca48,completed,1,
89be32ab-664a-4647-a5e3-e4006a67e4e1,completed,1,
0a7f2420-1b49-41fa-8cfc-0b2e178bea6b,completed,1,
ded4a70e-60b2-4d61-8fae-2e3270571a4b,completed,1,
398566f7-2519-40e6-a2f4-6676657a18a7,completed,1,
16884baa-5a17-45ce-b4de-a0592c90283d,completed,1,
0736782b-d00a-4fa6-8149-8229a7066d73,completed,1,
41f67b68-df85-4685-a28c-2558abcb71c9,completed,1,
505989d7-4f1f-4ca7-b815-657f30a84a1c,completed,1,
d108ae38-c395-4789-9b6b-661d1efb60d7,completed,1,
e27a8abd-a52e-469b-a0db-79ce8711226c,completed,1,
d3f3589b-939e-4938-9672-efd896917ab9,completed,1,
a598cfe0-473b-4665-9eb2-4eebb3c1d877,completed,1,
8faa4895-3ee7-4360-a20c-529042b2330b,completed,1,
7a5919ad-16d4-4f29-8e6e-1041415d7eee,completed,1,
a6daf56e-9125-4c58-8899-b768f7df7fb1,completed,1,
0e71515c-ecf1-4b23-b783-00f58e51d96a,completed,1,
a31fe34e-04ce-4375-8985-9a14db7fb11e,completed,1,
3e503f9c-5c5b-4edc-bfd6-a19104c0822e,completed,1,
d4d68992-96bf-4fb1-a370-cb47234022d9,completed,1,
